{
  "dataset": {
    "n_replays_parsed": 1200,
    "n_replays_skipped": 0,
    "n_port_frames": 23103746,
    "avg_match_len_frames": 9626.560833333333,
    "avg_match_len_seconds": 160.44268055555554,
    "median_match_len_seconds": 160.86666666666667
  },
  "main_stick": {
    "jx_mean": 0.0015077912248671055,
    "jx_std": 0.6537240147590637,
    "jy_mean": -0.07025066763162613,
    "jy_std": 0.4310300946235657,
    "magnitude_mean": 0.6365740299224854,
    "magnitude_median": 0.987500011920929,
    "fraction_centered_abs_lt_0.05": 0.3327451747435243,
    "fraction_in_deadzone_mag_lt_0.28": 0.3327451747435243,
    "fraction_walk_0.28_to_0.7": 0.0408096158951886,
    "fraction_dash_0.7_to_0.8": 0.010812272607221358,
    "fraction_smash_ge_0.8": 0.6156329367540657,
    "mag_hist": {
      "[0.00,0.05)": 7687660,
      "[0.05,0.15)": 0,
      "[0.15,0.28)": 0,
      "[0.28,0.50)": 445814,
      "[0.50,0.70)": 515341,
      "[0.70,0.80)": 231504,
      "[0.80,0.95)": 523536,
      "[0.95,1.01)": 13699891
    },
    "angle_deg_hist_when_moving": {
      "[-180,-158)": 137421,
      "[-158,-135)": 444306,
      "[-135,-112)": 547788,
      "[-112,-90)": 94469,
      "[-90,-68)": 2126061,
      "[-68,-45)": 368442,
      "[-45,-22)": 621631,
      "[-22,0)": 170101,
      "[0,22)": 4279007,
      "[22,45)": 450062,
      "[45,68)": 224023,
      "[68,90)": 51047,
      "[90,112)": 954962,
      "[112,135)": 254581,
      "[135,158)": 470781,
      "[158,180)": 4221404
    },
    "bins_9x9_count": [
      0,
      68999,
      230191,
      0,
      3720207,
      344003,
      79130,
      0,
      52523,
      622546,
      52106,
      0,
      147038,
      26917,
      369684,
      39212,
      162430,
      15813,
      19376,
      0,
      129999,
      14597,
      13877,
      135098,
      0,
      0,
      0,
      0,
      0,
      0,
      0,
      0,
      1877645,
      75127,
      80049,
      0,
      7687660,
      97535,
      152325,
      632106,
      170711,
      14097,
      15870,
      0,
      129636,
      22188,
      15325,
      93490,
      76417,
      548280,
      53086,
      0,
      162369,
      30059,
      356194,
      36297,
      0,
      84760,
      290193,
      0,
      3794930,
      292067,
      71584,
      0
    ],
    "bins_9x9_max_pct": 0.3327451747435243,
    "bins_9x9_min_pct": 0.0,
    "bins_9x9_n_used": 45
  },
  "cstick": {
    "fraction_centered_mag_lt_0.05": 0.9500868387316931,
    "fraction_full_mag_ge_0.7": 0.046777695703545216,
    "fraction_partial_0.05_to_0.7": 0.0031354655647616624,
    "cone_when_full": {
      "E": 203432,
      "NE": 19937,
      "N": 218088,
      "NW": 70184,
      "W": 185875,
      "SW": 19133,
      "S": 329230,
      "SE": 34861
    },
    "bins_4x4_count": [
      0,
      10565,
      218778,
      0,
      13307,
      5345,
      31389,
      22559,
      341560,
      27478,
      21983658,
      226570,
      0,
      17744,
      204793,
      0
    ],
    "bins_4x4_max_pct": 0.9515192038555133,
    "bins_4x4_n_used": 12
  },
  "triggers": {
    "note": "triggers (effective scalar) is preserved in regen; triggers_physical.l/r are not. Use this.",
    "min": 0.0,
    "max": 1.0,
    "mean": 0.17057736217975616,
    "fraction_zero_lt_0.01": 0.8122712654476032,
    "fraction_light_0.01_to_0.3": 0.0,
    "fraction_mid_0.3_to_0.7": 0.02697865532282081,
    "fraction_high_ge_0.7": 0.16075007922957602,
    "fraction_full_ge_0.99": 0.15302319372797815
  },
  "buttons": {
    "DpadL": {
      "press_pct": 0.0011729699590707066,
      "just_press_pct": 0.00016880379484781387,
      "avg_hold_frames": 6.948717948717949
    },
    "DpadR": {
      "press_pct": 0.00027701135564769453,
      "just_press_pct": 6.059623404793318e-05,
      "avg_hold_frames": 4.571428571428571
    },
    "DpadD": {
      "press_pct": 0.00031163777510365636,
      "just_press_pct": 4.3283024319952274e-05,
      "avg_hold_frames": 7.2
    },
    "DpadU": {
      "press_pct": 0.006172159268025194,
      "just_press_pct": 0.0009046152082870024,
      "avg_hold_frames": 6.822966507177034
    },
    "Z": {
      "press_pct": 1.462650255936851,
      "just_press_pct": 0.23320027843103885,
      "avg_hold_frames": 6.272077656928617
    },
    "R": {
      "press_pct": 4.762911607494299,
      "just_press_pct": 0.4179365545310272,
      "avg_hold_frames": 11.396255139344856
    },
    "L": {
      "press_pct": 8.543428411998644,
      "just_press_pct": 0.6276211658490359,
      "avg_hold_frames": 13.612396899395879
    },
    "A": {
      "press_pct": 5.687224920149313,
      "just_press_pct": 0.748203343301991,
      "avg_hold_frames": 7.60117549735918
    },
    "B": {
      "press_pct": 4.691858194770666,
      "just_press_pct": 0.5421545060268582,
      "avg_hold_frames": 8.654097941848025
    },
    "X": {
      "press_pct": 3.692280031125689,
      "just_press_pct": 0.602144777734312,
      "avg_hold_frames": 6.131880849350911
    },
    "Y": {
      "press_pct": 5.693968415338361,
      "just_press_pct": 0.8290646893365258,
      "avg_hold_frames": 6.867942258999191
    },
    "Start": {
      "press_pct": 0.003947411817979647,
      "just_press_pct": 0.0005453661064313986,
      "avg_hold_frames": 7.238095238095238
    },
    "jump_combined_X_or_Y": {
      "press_pct": 9.365143643805641
    },
    "shield_combined_LR_digital_or_analog": {
      "press_pct": 13.220293367144878
    },
    "X_only_no_Y": 4.328302431995227e-08,
    "xy_usage_per_port_trace": {
      "n_traces": 2400,
      "used_X_only": 254,
      "used_Y_only": 512,
      "used_both": 1634,
      "used_neither": 0
    }
  },
  "coordination": {
    "stick_mag_when_A_just_pressed": {
      "n_events": 172863,
      "mean_mag": 0.5715818405151367,
      "hist": {
        "[0.00,0.05)": 67296,
        "[0.05,0.15)": 0,
        "[0.15,0.28)": 0,
        "[0.28,0.50)": 3577,
        "[0.50,0.70)": 7232,
        "[0.70,0.80)": 1711,
        "[0.80,0.95)": 3642,
        "[0.95,1.01)": 89405
      }
    },
    "cstick_mag_when_A_just_pressed": {
      "mean_mag": 0.037670012563467026,
      "fraction_full_cstick_pressed_too": 0.0375788919549007
    },
    "stick_mag_when_B_just_pressed": {
      "n_events": 125258,
      "mean_mag": 0.8410667777061462,
      "hist": {
        "[0.00,0.05)": 18786,
        "[0.05,0.15)": 0,
        "[0.15,0.28)": 0,
        "[0.28,0.50)": 216,
        "[0.50,0.70)": 378,
        "[0.70,0.80)": 146,
        "[0.80,0.95)": 1114,
        "[0.95,1.01)": 104618
      }
    },
    "stick_mag_when_Z_just_pressed": {
      "n_events": 53878,
      "mean_mag": 0.74886155128479,
      "hist": {
        "[0.00,0.05)": 12131,
        "[0.05,0.15)": 0,
        "[0.15,0.28)": 0,
        "[0.28,0.50)": 877,
        "[0.50,0.70)": 1064,
        "[0.70,0.80)": 408,
        "[0.80,0.95)": 938,
        "[0.95,1.01)": 38460
      }
    },
    "A_when_cstick_full_pressed": 0.024139941151433277
  },
  "action_state": {
    "n_unique": 181,
    "top_30": [
      {
        "state_id": 20,
        "count": 1971841,
        "pct": 8.5347241958079
      },
      {
        "state_id": 25,
        "count": 1244929,
        "pct": 5.388429218361386
      },
      {
        "state_id": 90,
        "count": 1169356,
        "pct": 5.0613264186682105
      },
      {
        "state_id": 27,
        "count": 900563,
        "pct": 3.8979090230649174
      },
      {
        "state_id": 67,
        "count": 768009,
        "pct": 3.3241752224942225
      },
      {
        "state_id": 43,
        "count": 734134,
        "pct": 3.177553977610384
      },
      {
        "state_id": 88,
        "count": 712112,
        "pct": 3.082236101452985
      },
      {
        "state_id": 14,
        "count": 684115,
        "pct": 2.961056618264415
      },
      {
        "state_id": 24,
        "count": 630385,
        "pct": 2.7284969285933114
      },
      {
        "state_id": 29,
        "count": 586618,